{
  "mean_psnr": 6.336239433288574,
  "mean_ssim": 0.005714213056489825,
  "mean_lpips": 0.694314432144165,
  "mean_cc_psnr": 6.336239433288574,
  "mean_cc_ssim": 0.005714213056489825,
  "mean_cc_lpips": 0.694314432144165
}